date,meta,google,tiktok,revenue
2024-01-01,2498.16,2378.59,1058.99,20187.8
2024-01-02,4802.86,4751.03,2908.06,32223.26
2024-01-03,3927.98,2763.48,530.39,25258.56
2024-01-04,3394.63,1609.42,2924.7,23297.9
2024-01-05,1624.07,4404.63,607.9,23066.46
2024-01-06,1623.98,2297.0,2727.86,19851.07
2024-01-07,1232.33,5732.06,1819.25,25741.76
2024-01-08,4464.7,5792.68,2982.41,35269.63
2024-01-09,3404.46,5616.89,684.49,25949.96
2024-01-10,3832.29,3165.71,1884.64,25593.99
2024-01-11,1082.34,1569.55,2923.26,19291.32
2024-01-12,4879.64,5677.43,1807.74,32920.84
2024-01-13,4329.77,3426.83,2073.5,28553.13
2024-01-14,1849.36,5849.95,2239.37,26681.75
2024-01-15,1727.3,5836.29,1636.35,26355.59
2024-01-16,0.0,0.0,0.0,10000.0
2024-01-17,1733.62,5338.54,2068.9,25750.33
2024-01-18,2216.97,2825.02,1960.79,23483.09
2024-01-19,3099.03,3232.94,2752.9,26195.04
2024-01-20,2727.78,5330.12,613.62,26669.27
2024-01-21,2164.92,2926.15,1202.41,21060.9
2024-01-22,3447.41,2262.72,2876.03,24620.82
2024-01-23,1557.98,4005.61,2725.66,23475.87
2024-01-24,2168.58,5712.7,1639.14,27415.15
2024-01-25,2465.45,4632.13,2050.33,25801.24
2024-01-26,2824.28,4065.28,1193.45,25252.83
2024-01-27,4140.7,1937.29,970.3,25836.44
2024-01-28,1798.7,4267.53,1659.25,24500.91
2024-01-29,3056.94,5955.24,1383.38,28778.73
2024-01-30,3369.66,2130.38,1959.14,24800.11
2024-01-31,1185.8,3832.48,694.34,19932.36
2024-02-01,3430.18,5448.18,2935.99,28838.18
2024-02-02,1682.1,4833.46,2965.53,24951.38
2024-02-03,1260.21,4636.57,2245.4,21941.97
2024-02-04,0.0,0.0,0.0,10000.0
2024-02-05,4795.54,4661.18,1840.24,30797.09
2024-02-06,4862.53,3117.71,1273.82,27856.44
2024-02-07,4233.59,2821.16,2534.49,29109.81
2024-02-08,2218.46,5142.13,2211.83,27117.55
2024-02-09,1390.69,5145.51,906.54,23190.18
2024-02-10,3736.93,5401.83,2777.32,32106.72
2024-02-11,2760.61,5609.58,2556.34,27027.07
2024-02-12,35000.0,3801.04,2874.5,97526.89
2024-02-13,2980.71,3756.82,2314.3,26867.86
2024-02-14,1137.55,5092.33,2033.54,22630.47
2024-02-15,4637.28,4424.84,1545.61,31165.21
2024-02-16,2035.12,4658.85,2831.82,26599.88
2024-02-17,3650.09,5081.07,2665.16,29959.02
2024-02-18,2246.84,5505.02,613.05,26220.54
2024-02-19,3080.27,3020.98,565.92,25164.15
2024-02-20,3186.84,3190.12,1441.16,24664.53
2024-02-21,1739.42,1922.92,2526.38,20567.85
2024-02-22,4878.34,4102.26,2968.19,31218.88
2024-02-23,4100.53,1661.74,876.04,22213.71
2024-02-24,4758.0,3595.19,1985.33,30151.66
2024-02-25,4579.31,3941.9,1452.23,28056.49
2024-02-26,3391.6,2789.44,2924.79,26063.81
2024-02-27,4687.5,4158.75,2605.3,30446.94
2024-02-28,1353.97,1637.25,2595.82,19519.75
2024-02-29,1783.93,1668.07,1671.73,19266.91
2024-03-01,1180.91,5201.7,1537.05,24843.06
2024-03-02,2301.32,3120.86,1183.52,21590.66
2024-03-03,2554.71,2071.77,640.94,19848.8
2024-03-04,2085.4,3850.09,2661.81,23733.45
2024-03-05,4314.95,4964.97,2532.25,31024.25
2024-03-06,2427.01,2471.19,2999.29,23764.03
2024-03-07,2123.74,4303.01,2991.59,26764.54
2024-03-08,3170.78,1884.06,1888.58,21711.17
2024-03-09,1563.7,1732.57,2422.47,20335.32
2024-03-10,4208.79,3891.1,2861.91,31053.24
2024-03-11,1298.2,3932.86,2624.12,23497.57
2024-03-12,4947.55,4368.43,1118.37,31966.63
2024-03-13,0.0,0.0,0.0,10000.0
2024-03-14,4088.98,4767.41,1626.36,28754.94
2024-03-15,1794.86,5891.33,822.9,24295.92
2024-03-16,1022.09,3823.35,2885.13,20814.06
2024-03-17,4261.85,2953.3,2015.44,28606.58
2024-03-18,3827.43,5078.34,1071.61,29501.65
2024-03-19,3916.03,2718.75,2179.25,26068.52
2024-03-20,4085.08,3475.37,2045.32,27977.2
2024-03-21,1296.18,1853.05,1395.41,16736.09
2024-03-22,2433.86,1614.08,783.89,21646.26
2024-03-23,1463.48,5831.92,2178.93,26461.04
2024-03-24,4452.41,5261.91,1800.77,31537.07
2024-03-25,3493.19,4631.88,2430.8,29665.14
2024-03-26,2323.59,3340.29,1800.41,23765.92
2024-03-27,1254.23,2279.82,2630.45,20243.43
2024-03-28,2243.93,2203.97,1879.77,20369.03
2024-03-29,2300.73,2626.09,1902.34,22542.86
2024-03-30,3918.42,3971.52,2691.63,30881.26
2024-03-31,3550.23,4715.68,1508.71,29454.6
2024-04-01,4548.85,4470.89,835.04,30650.3
2024-04-02,2888.86,2759.7,571.96,21498.09
2024-04-03,1478.38,5796.89,2387.84,25562.65
2024-04-04,3852.98,4820.54,2050.77,29488.66
2024-04-05,4043.14,3994.59,2260.2,28853.14
2024-04-06,3245.11,4252.74,1032.41,27127.26
2024-04-07,4083.87,3388.2,840.93,24399.92
2024-04-08,2975.18,2614.79,536.36,23425.21
2024-04-09,3090.93,3101.88,1376.47,23877.18
2024-04-10,2710.16,4910.31,1974.79,26743.79
2024-04-11,1101.68,1564.77,1480.61,16004.9
2024-04-12,1431.57,2022.33,1593.69,17047.2
2024-04-13,1125.72,1707.01,2760.4,19684.84
2024-04-14,3545.64,1683.28,1370.64,22548.4
2024-04-15,0.0,0.0,0.0,10000.0
2024-04-16,2257.42,5349.57,1784.97,25447.57
2024-04-17,3034.28,4666.46,2459.13,26730.93
2024-04-18,4630.27,3633.78,1491.36,28181.24
2024-04-19,1997.17,1940.25,2055.22,22021.51
2024-04-20,2641.53,3712.27,2655.91,25420.96
2024-04-21,4022.2,3630.62,2873.8,27329.39
2024-04-22,1915.19,2279.41,867.68,19111.84
2024-04-23,1307.92,3452.33,2816.47,22198.66
2024-04-24,2159.01,3293.27,1730.29,20057.16
2024-04-25,1644.89,4271.33,1145.61,22627.57
2024-04-26,4718.79,4357.92,1647.84,29972.07
2024-04-27,4232.48,1703.87,2950.08,26614.73
2024-04-28,3533.62,3185.76,1731.55,27435.13
2024-04-29,4485.84,4316.37,1321.88,30351.14
2024-04-30,0.0,0.0,0.0,10000.0
2024-05-01,4214.69,3764.11,2083.5,28279.03
2024-05-02,1746.28,5354.2,1100.36,23693.3
2024-05-03,4570.24,4464.12,689.66,31490.89
2024-05-04,3157.37,2233.2,822.2,22011.84
2024-05-05,4229.76,1817.56,820.11,150000.0
2024-05-06,4584.37,4390.89,879.76,29020.78
2024-05-07,2272.01,1619.3,847.07,19127.74
2024-05-08,1440.21,4135.99,2102.19,22991.5
2024-05-09,1911.74,5731.04,954.7,25093.67
2024-05-10,2708.43,4089.63,1364.17,24410.03
2024-05-11,4272.06,3246.76,2741.97,28500.32
2024-05-12,4442.92,4394.8,1684.9,29163.52
2024-05-13,1027.81,3562.14,2168.89,20562.85
2024-05-14,3042.99,3955.28,930.8,25037.46
2024-05-15,2669.64,5736.59,980.72,27120.97
2024-05-16,1888.43,3237.46,602.17,22208.58
2024-05-17,1479.46,5825.36,922.34,22196.29
2024-05-18,2350.46,5574.08,1196.48,27731.63
2024-05-19,4771.64,2381.06,942.53,27160.63
2024-05-20,2292.81,1812.13,721.76,17098.73
2024-05-21,3075.16,1953.5,801.59,20900.88
2024-05-22,3812.08,1582.0,1651.95,22845.06
2024-05-23,2454.52,1924.99,1015.83,18676.42
2024-05-24,4887.13,4573.53,1410.67,29899.03
2024-05-25,4849.79,1820.35,1758.54,24945.84
2024-05-26,2007.13,2935.39,2225.99,24122.84
2024-05-27,2988.99,5301.94,598.28,27772.89
2024-05-28,2203.51,1604.72,2498.53,22006.02
2024-05-29,2139.36,5165.11,2069.75,27209.16
2024-05-30,1147.55,2768.35,704.4,17223.85
2024-05-31,3438.26,2031.74,2683.95,23917.52
2024-06-01,3010.72,4635.32,2802.18,28819.14
2024-06-02,1205.92,4330.24,652.69,20008.56
2024-06-03,2114.59,5448.62,1192.19,26603.24
2024-06-04,0.0,0.0,0.0,10000.0
2024-06-05,4633.06,4807.82,2515.5,31625.09
2024-06-06,1958.25,5115.66,2370.65,25986.3
2024-06-07,1579.58,2769.16,961.3,20324.08
2024-06-08,2957.81,2298.48,1023.37,22316.76
2024-06-09,4942.6,4877.77,1426.18,31004.15
2024-06-10,1968.22,5130.76,1711.31,26778.35
2024-06-11,3688.54,5957.27,2045.64,30211.59
2024-06-12,4046.48,3356.78,1422.28,27267.13
2024-06-13,1950.55,3174.08,1656.34,22585.26
2024-06-14,3912.87,4993.86,2368.68,30130.12
2024-06-15,2471.13,3033.62,591.71,21933.18
2024-06-16,3529.22,5688.41,1131.09,28109.62
2024-06-17,3534.12,5362.86,2283.37,31092.28
2024-06-18,3143.1,3430.47,2738.02,26190.39
2024-06-19,1361.16,4878.92,1779.19,23388.91
2024-06-20,4341.21,4895.44,1830.28,31607.81
2024-06-21,2283.12,1964.06,767.93,18775.34
2024-06-22,1746.07,5561.49,1618.53,24385.82
2024-06-23,1163.1,3773.64,1831.54,19992.59
2024-06-24,3363.57,5219.06,1106.18,28727.58
2024-06-25,3710.26,2940.22,1173.11,23582.27
2024-06-26,1066.35,5529.85,1443.21,25786.36
2024-06-27,3048.37,3251.41,550.18,21137.24
2024-06-28,1905.98,1548.77,1305.2,20243.64
2024-06-29,0.0,0.0,0.0,10000.0
2024-06-30,3580.69,5574.22,1028.62,29356.48
2024-07-01,1697.47,1910.79,1318.74,18659.63
2024-07-02,3763.75,2936.91,799.41,23981.06
2024-07-03,2546.94,5775.28,2726.32,29669.49
2024-07-04,4746.92,5777.73,1983.98,33186.28
2024-07-05,1550.08,4080.47,2197.76,24495.64
2024-07-06,2364.27,4343.27,2472.93,26101.01
2024-07-07,1453.89,3518.0,1746.11,21776.6
2024-07-08,4698.77,2819.45,717.3,25909.46
2024-07-09,4509.36,2978.99,1842.77,27437.14
2024-07-10,2031.77,4526.33,1967.1,25285.61
2024-07-11,3639.94,4885.69,2363.6,27928.24
2024-07-12,4268.89,5062.11,1579.15,29050.14
2024-07-13,3220.8,5053.28,818.95,27907.68
2024-07-14,3118.6,1910.43,1209.44,21921.89
2024-07-15,1967.41,3724.89,1407.71,22538.37
2024-07-16,1372.41,1759.01,2114.79,18741.72
2024-07-17,4588.86,3972.88,1926.95,29906.6
2024-07-18,4601.67,3486.89,1390.24,27528.61
2024-07-19,3532.41,5494.67,2966.29,30442.94
2024-07-20,0.0,0.0,0.0,10000.0
2024-07-21,2356.12,3079.12,2014.44,23339.04
2024-07-22,2396.84,2026.8,1093.07,19254.59
2024-07-23,3903.82,2143.46,754.46,23760.24
2024-07-24,4588.44,4926.8,882.15,28318.8
2024-07-25,4548.35,4281.98,1114.89,30080.96
2024-07-26,4119.5,1955.05,901.7,24136.64
2024-07-27,3568.13,1878.48,966.42,22646.87
2024-07-28,1336.56,4654.36,1212.74,23756.26
2024-07-29,1646.51,1827.43,933.43,19697.31
2024-07-30,4594.22,5198.37,2741.91,33769.01
2024-07-31,3425.72,4678.09,700.58,24956.96
2024-08-01,1036.79,1866.07,1811.28,16533.82
2024-08-02,1405.89,1881.77,1525.99,17686.51
2024-08-03,3654.01,5939.88,2955.95,32303.82
2024-08-04,1020.25,3184.22,780.1,19429.91
2024-08-05,1643.23,3167.89,1494.64,20385.14
2024-08-06,3194.94,5157.6,2923.68,30007.71
2024-08-07,3767.58,5762.62,2663.77,31102.53
2024-08-08,3607.85,5937.0,2542.68,31063.57
2024-08-09,1897.08,4890.2,1144.76,22942.98
2024-08-10,0.0,0.0,0.0,10000.0
2024-08-11,3848.72,3193.17,927.22,24404.31
2024-08-12,1949.0,1875.75,2171.61,18918.39
2024-08-13,2301.6,4997.16,2823.44,26470.66
2024-08-14,3985.97,4012.82,1891.91,29316.13
2024-08-15,3598.53,3409.0,1929.03,25418.41
2024-08-16,4396.89,5578.59,1199.95,33786.96
2024-08-17,3630.45,2000.39,2423.73,24989.49
2024-08-18,3273.23,3716.81,967.61,25237.35
2024-08-19,1374.7,1551.09,1309.2,16528.98
2024-08-20,2470.86,3608.97,1563.59,24508.67
2024-08-21,2060.81,1753.36,1769.03,19237.03
2024-08-22,1975.96,2034.68,1106.02,19458.77
2024-08-23,4892.04,2028.87,787.09,27919.05
2024-08-24,2572.39,4421.45,2026.55,25953.66
2024-08-25,4568.19,4857.2,1221.58,31408.14
2024-08-26,3524.55,4125.16,1953.1,26819.85
2024-08-27,4179.25,5829.78,885.91,30716.04
2024-08-28,3010.55,3186.92,1702.85,26173.88
2024-08-29,3307.62,2785.7,1831.47,23861.82
2024-08-30,2970.07,5408.7,629.56,28837.73
